Twilight start,Sunrise,Sunset,Twilight end,Day length,Solar noon,Nautical twilight start,Nautical twilight end,Astronomical twilight start,Astronomical twilight end
1/1/2019 6:41,1/1/2019 7:13,1/1/2019 16:22,1/1/2019 16:54,1/1/2019 9:09,1/1/2019 11:48,1/1/2019 6:06,1/1/2019 17:29,1/1/2019 5:32,1/1/2019 18:03
1/2/2019 6:41,1/2/2019 7:13,1/2/2019 16:23,1/2/2019 16:55,1/2/2019 9:10,1/2/2019 11:48,1/2/2019 6:06,1/2/2019 17:30,1/2/2019 5:32,1/2/2019 18:04
1/3/2019 6:41,1/3/2019 7:13,1/3/2019 16:24,1/3/2019 16:56,1/3/2019 9:11,1/3/2019 11:49,1/3/2019 6:06,1/3/2019 17:31,1/3/2019 5:32,1/3/2019 18:05
1/4/2019 6:41,1/4/2019 7:13,1/4/2019 16:25,1/4/2019 16:57,1/4/2019 9:12,1/4/2019 11:49,1/4/2019 6:06,1/4/2019 17:32,1/4/2019 5:32,1/4/2019 18:06
1/5/2019 6:41,1/5/2019 7:13,1/5/2019 16:26,1/5/2019 16:57,1/5/2019 9:13,1/5/2019 11:49,1/5/2019 6:06,1/5/2019 17:33,1/5/2019 5:32,1/5/2019 18:07
1/6/2019 6:41,1/6/2019 7:13,1/6/2019 16:27,1/6/2019 16:58,1/6/2019 9:14,1/6/2019 11:50,1/6/2019 6:06,1/6/2019 17:34,1/6/2019 5:32,1/6/2019 18:07
1/7/2019 6:41,1/7/2019 7:13,1/7/2019 16:28,1/7/2019 16:59,1/7/2019 9:15,1/7/2019 11:50,1/7/2019 6:06,1/7/2019 17:34,1/7/2019 5:32,1/7/2019 18:08
1/8/2019 6:41,1/8/2019 7:12,1/8/2019 16:29,1/8/2019 17:00,1/8/2019 9:16,1/8/2019 11:51,1/8/2019 6:06,1/8/2019 17:35,1/8/2019 5:32,1/8/2019 18:09
1/9/2019 6:41,1/9/2019 7:12,1/9/2019 16:30,1/9/2019 17:01,1/9/2019 9:18,1/9/2019 11:51,1/9/2019 6:06,1/9/2019 17:36,1/9/2019 5:32,1/9/2019 18:10
1/10/2019 6:41,1/10/2019 7:12,1/10/2019 16:31,1/10/2019 17:02,1/10/2019 9:19,1/10/2019 11:52,1/10/2019 6:06,1/10/2019 17:37,1/10/2019 5:32,1/10/2019 18:11
1/11/2019 6:40,1/11/2019 7:12,1/11/2019 16:32,1/11/2019 17:03,1/11/2019 9:20,1/11/2019 11:52,1/11/2019 6:06,1/11/2019 17:38,1/11/2019 5:32,1/11/2019 18:12
1/12/2019 6:40,1/12/2019 7:11,1/12/2019 16:33,1/12/2019 17:05,1/12/2019 9:22,1/12/2019 11:52,1/12/2019 6:05,1/12/2019 17:39,1/12/2019 5:32,1/12/2019 18:13
1/13/2019 6:40,1/13/2019 7:11,1/13/2019 16:35,1/13/2019 17:06,1/13/2019 9:23,1/13/2019 11:53,1/13/2019 6:05,1/13/2019 17:40,1/13/2019 5:31,1/13/2019 18:14
1/14/2019 6:39,1/14/2019 7:10,1/14/2019 16:36,1/14/2019 17:07,1/14/2019 9:25,1/14/2019 11:53,1/14/2019 6:05,1/14/2019 17:41,1/14/2019 5:31,1/14/2019 18:15
1/15/2019 6:39,1/15/2019 7:10,1/15/2019 16:37,1/15/2019 17:08,1/15/2019 9:27,1/15/2019 11:53,1/15/2019 6:04,1/15/2019 17:42,1/15/2019 5:31,1/15/2019 18:16
1/16/2019 6:39,1/16/2019 7:09,1/16/2019 16:38,1/16/2019 17:09,1/16/2019 9:28,1/16/2019 11:54,1/16/2019 6:04,1/16/2019 17:43,1/16/2019 5:30,1/16/2019 18:17
1/17/2019 6:38,1/17/2019 7:09,1/17/2019 16:39,1/17/2019 17:10,1/17/2019 9:30,1/17/2019 11:54,1/17/2019 6:04,1/17/2019 17:45,1/17/2019 5:30,1/17/2019 18:18
1/18/2019 6:38,1/18/2019 7:08,1/18/2019 16:40,1/18/2019 17:11,1/18/2019 9:32,1/18/2019 11:54,1/18/2019 6:03,1/18/2019 17:46,1/18/2019 5:30,1/18/2019 18:19
1/19/2019 6:37,1/19/2019 7:08,1/19/2019 16:42,1/19/2019 17:12,1/19/2019 9:34,1/19/2019 11:55,1/19/2019 6:03,1/19/2019 17:47,1/19/2019 5:29,1/19/2019 18:20
1/20/2019 6:36,1/20/2019 7:07,1/20/2019 16:43,1/20/2019 17:13,1/20/2019 9:36,1/20/2019 11:55,1/20/2019 6:02,1/20/2019 17:48,1/20/2019 5:29,1/20/2019 18:21
1/21/2019 6:36,1/21/2019 7:06,1/21/2019 16:44,1/21/2019 17:15,1/21/2019 9:37,1/21/2019 11:55,1/21/2019 6:02,1/21/2019 17:49,1/21/2019 5:28,1/21/2019 18:22
1/22/2019 6:35,1/22/2019 7:06,1/22/2019 16:45,1/22/2019 17:16,1/22/2019 9:39,1/22/2019 11:55,1/22/2019 6:01,1/22/2019 17:50,1/22/2019 5:28,1/22/2019 18:23
1/23/2019 6:34,1/23/2019 7:05,1/23/2019 16:47,1/23/2019 17:17,1/23/2019 9:41,1/23/2019 11:56,1/23/2019 6:00,1/23/2019 17:51,1/23/2019 5:27,1/23/2019 18:24
1/24/2019 6:34,1/24/2019 7:04,1/24/2019 16:48,1/24/2019 17:18,1/24/2019 9:44,1/24/2019 11:56,1/24/2019 6:00,1/24/2019 17:52,1/24/2019 5:26,1/24/2019 18:26
1/25/2019 6:33,1/25/2019 7:03,1/25/2019 16:49,1/25/2019 17:19,1/25/2019 9:46,1/25/2019 11:56,1/25/2019 5:59,1/25/2019 17:53,1/25/2019 5:26,1/25/2019 18:27
1/26/2019 6:32,1/26/2019 7:02,1/26/2019 16:51,1/26/2019 17:21,1/26/2019 9:48,1/26/2019 11:56,1/26/2019 5:58,1/26/2019 17:55,1/26/2019 5:25,1/26/2019 18:28
1/27/2019 6:31,1/27/2019 7:01,1/27/2019 16:52,1/27/2019 17:22,1/27/2019 9:50,1/27/2019 11:57,1/27/2019 5:58,1/27/2019 17:56,1/27/2019 5:24,1/27/2019 18:29
1/28/2019 6:31,1/28/2019 7:00,1/28/2019 16:53,1/28/2019 17:23,1/28/2019 9:52,1/28/2019 11:57,1/28/2019 5:57,1/28/2019 17:57,1/28/2019 5:24,1/28/2019 18:30
1/29/2019 6:30,1/29/2019 7:00,1/29/2019 16:54,1/29/2019 17:24,1/29/2019 9:54,1/29/2019 11:57,1/29/2019 5:56,1/29/2019 17:58,1/29/2019 5:23,1/29/2019 18:31
1/30/2019 6:29,1/30/2019 6:59,1/30/2019 16:56,1/30/2019 17:25,1/30/2019 9:57,1/30/2019 11:57,1/30/2019 5:55,1/30/2019 17:59,1/30/2019 5:22,1/30/2019 18:32
1/31/2019 6:28,1/31/2019 6:58,1/31/2019 16:57,1/31/2019 17:27,1/31/2019 9:59,1/31/2019 11:57,1/31/2019 5:54,1/31/2019 18:00,1/31/2019 5:21,1/31/2019 18:33
2/1/2019 6:27,2/1/2019 6:56,2/1/2019 16:58,2/1/2019 17:28,2/1/2019 10:01,2/1/2019 11:57,2/1/2019 5:53,2/1/2019 18:02,2/1/2019 5:20,2/1/2019 18:34
2/2/2019 6:26,2/2/2019 6:55,2/2/2019 17:00,2/2/2019 17:29,2/2/2019 10:04,2/2/2019 11:58,2/2/2019 5:52,2/2/2019 18:03,2/2/2019 5:19,2/2/2019 18:36
2/3/2019 6:25,2/3/2019 6:54,2/3/2019 17:01,2/3/2019 17:30,2/3/2019 10:06,2/3/2019 11:58,2/3/2019 5:51,2/3/2019 18:04,2/3/2019 5:18,2/3/2019 18:37
2/4/2019 6:24,2/4/2019 6:53,2/4/2019 17:02,2/4/2019 17:32,2/4/2019 10:09,2/4/2019 11:58,2/4/2019 5:50,2/4/2019 18:05,2/4/2019 5:18,2/4/2019 18:38
2/5/2019 6:23,2/5/2019 6:52,2/5/2019 17:04,2/5/2019 17:33,2/5/2019 10:11,2/5/2019 11:58,2/5/2019 5:49,2/5/2019 18:06,2/5/2019 5:17,2/5/2019 18:39
2/6/2019 6:22,2/6/2019 6:51,2/6/2019 17:05,2/6/2019 17:34,2/6/2019 10:14,2/6/2019 11:58,2/6/2019 5:48,2/6/2019 18:07,2/6/2019 5:16,2/6/2019 18:40
2/7/2019 6:20,2/7/2019 6:50,2/7/2019 17:06,2/7/2019 17:35,2/7/2019 10:16,2/7/2019 11:58,2/7/2019 5:47,2/7/2019 18:09,2/7/2019 5:14,2/7/2019 18:41
2/8/2019 6:19,2/8/2019 6:48,2/8/2019 17:07,2/8/2019 17:37,2/8/2019 10:19,2/8/2019 11:58,2/8/2019 5:46,2/8/2019 18:10,2/8/2019 5:13,2/8/2019 18:42
2/9/2019 6:18,2/9/2019 6:47,2/9/2019 17:09,2/9/2019 17:38,2/9/2019 10:21,2/9/2019 11:58,2/9/2019 5:45,2/9/2019 18:11,2/9/2019 5:12,2/9/2019 18:44
2/10/2019 6:17,2/10/2019 6:46,2/10/2019 17:10,2/10/2019 17:39,2/10/2019 10:24,2/10/2019 11:58,2/10/2019 5:44,2/10/2019 18:12,2/10/2019 5:11,2/10/2019 18:45
2/11/2019 6:16,2/11/2019 6:45,2/11/2019 17:11,2/11/2019 17:40,2/11/2019 10:26,2/11/2019 11:58,2/11/2019 5:43,2/11/2019 18:13,2/11/2019 5:10,2/11/2019 18:46
2/12/2019 6:14,2/12/2019 6:43,2/12/2019 17:13,2/12/2019 17:41,2/12/2019 10:29,2/12/2019 11:58,2/12/2019 5:41,2/12/2019 18:14,2/12/2019 5:09,2/12/2019 18:47
2/13/2019 6:13,2/13/2019 6:42,2/13/2019 17:14,2/13/2019 17:43,2/13/2019 10:32,2/13/2019 11:58,2/13/2019 5:40,2/13/2019 18:16,2/13/2019 5:08,2/13/2019 18:48
2/14/2019 6:12,2/14/2019 6:41,2/14/2019 17:15,2/14/2019 17:44,2/14/2019 10:34,2/14/2019 11:58,2/14/2019 5:39,2/14/2019 18:17,2/14/2019 5:06,2/14/2019 18:49
2/15/2019 6:10,2/15/2019 6:39,2/15/2019 17:17,2/15/2019 17:45,2/15/2019 10:37,2/15/2019 11:58,2/15/2019 5:38,2/15/2019 18:18,2/15/2019 5:05,2/15/2019 18:51
2/16/2019 6:09,2/16/2019 6:38,2/16/2019 17:18,2/16/2019 17:46,2/16/2019 10:40,2/16/2019 11:58,2/16/2019 5:36,2/16/2019 18:19,2/16/2019 5:04,2/16/2019 18:52
2/17/2019 6:08,2/17/2019 6:36,2/17/2019 17:19,2/17/2019 17:48,2/17/2019 10:42,2/17/2019 11:58,2/17/2019 5:35,2/17/2019 18:20,2/17/2019 5:02,2/17/2019 18:53
2/18/2019 6:06,2/18/2019 6:35,2/18/2019 17:20,2/18/2019 17:49,2/18/2019 10:45,2/18/2019 11:58,2/18/2019 5:34,2/18/2019 18:22,2/18/2019 5:01,2/18/2019 18:54
2/19/2019 6:05,2/19/2019 6:33,2/19/2019 17:22,2/19/2019 17:50,2/19/2019 10:48,2/19/2019 11:57,2/19/2019 5:32,2/19/2019 18:23,2/19/2019 5:00,2/19/2019 18:55
2/20/2019 6:03,2/20/2019 6:32,2/20/2019 17:23,2/20/2019 17:51,2/20/2019 10:50,2/20/2019 11:57,2/20/2019 5:31,2/20/2019 18:24,2/20/2019 4:58,2/20/2019 18:56
2/21/2019 6:02,2/21/2019 6:30,2/21/2019 17:24,2/21/2019 17:52,2/21/2019 10:53,2/21/2019 11:57,2/21/2019 5:29,2/21/2019 18:25,2/21/2019 4:57,2/21/2019 18:58
2/22/2019 6:01,2/22/2019 6:29,2/22/2019 17:25,2/22/2019 17:54,2/22/2019 10:56,2/22/2019 11:57,2/22/2019 5:28,2/22/2019 18:26,2/22/2019 4:55,2/22/2019 18:59
2/23/2019 5:59,2/23/2019 6:27,2/23/2019 17:27,2/23/2019 17:55,2/23/2019 10:59,2/23/2019 11:57,2/23/2019 5:26,2/23/2019 18:27,2/23/2019 4:54,2/23/2019 19:00
2/24/2019 5:58,2/24/2019 6:26,2/24/2019 17:28,2/24/2019 17:56,2/24/2019 11:02,2/24/2019 11:57,2/24/2019 5:25,2/24/2019 18:29,2/24/2019 4:52,2/24/2019 19:01
2/25/2019 5:56,2/25/2019 6:24,2/25/2019 17:29,2/25/2019 17:57,2/25/2019 11:04,2/25/2019 11:57,2/25/2019 5:23,2/25/2019 18:30,2/25/2019 4:51,2/25/2019 19:02
2/26/2019 5:55,2/26/2019 6:23,2/26/2019 17:30,2/26/2019 17:58,2/26/2019 11:07,2/26/2019 11:56,2/26/2019 5:22,2/26/2019 18:31,2/26/2019 4:49,2/26/2019 19:04
2/27/2019 5:53,2/27/2019 6:21,2/27/2019 17:32,2/27/2019 18:00,2/27/2019 11:10,2/27/2019 11:56,2/27/2019 5:20,2/27/2019 18:32,2/27/2019 4:48,2/27/2019 19:05
2/28/2019 5:51,2/28/2019 6:19,2/28/2019 17:33,2/28/2019 18:01,2/28/2019 11:13,2/28/2019 11:56,2/28/2019 5:19,2/28/2019 18:33,2/28/2019 4:46,2/28/2019 19:06
3/1/2019 5:50,3/1/2019 6:18,3/1/2019 17:34,3/1/2019 18:02,3/1/2019 11:16,3/1/2019 11:56,3/1/2019 5:17,3/1/2019 18:35,3/1/2019 4:45,3/1/2019 19:07
3/2/2019 5:48,3/2/2019 6:16,3/2/2019 17:35,3/2/2019 18:03,3/2/2019 11:18,3/2/2019 11:56,3/2/2019 5:16,3/2/2019 18:36,3/2/2019 4:43,3/2/2019 19:08
3/3/2019 5:47,3/3/2019 6:15,3/3/2019 17:36,3/3/2019 18:04,3/3/2019 11:21,3/3/2019 11:56,3/3/2019 5:14,3/3/2019 18:37,3/3/2019 4:42,3/3/2019 19:10
3/4/2019 5:45,3/4/2019 6:13,3/4/2019 17:38,3/4/2019 18:06,3/4/2019 11:24,3/4/2019 11:55,3/4/2019 5:12,3/4/2019 18:38,3/4/2019 4:40,3/4/2019 19:11
3/5/2019 5:43,3/5/2019 6:11,3/5/2019 17:39,3/5/2019 18:07,3/5/2019 11:27,3/5/2019 11:55,3/5/2019 5:11,3/5/2019 18:39,3/5/2019 4:38,3/5/2019 19:12
3/6/2019 5:42,3/6/2019 6:10,3/6/2019 17:40,3/6/2019 18:08,3/6/2019 11:30,3/6/2019 11:55,3/6/2019 5:09,3/6/2019 18:40,3/6/2019 4:37,3/6/2019 19:13
3/7/2019 5:40,3/7/2019 6:08,3/7/2019 17:41,3/7/2019 18:09,3/7/2019 11:33,3/7/2019 11:55,3/7/2019 5:08,3/7/2019 18:42,3/7/2019 4:35,3/7/2019 19:14
3/8/2019 5:38,3/8/2019 6:06,3/8/2019 17:42,3/8/2019 18:10,3/8/2019 11:36,3/8/2019 11:54,3/8/2019 5:06,3/8/2019 18:43,3/8/2019 4:33,3/8/2019 19:16
3/9/2019 5:37,3/9/2019 6:05,3/9/2019 17:44,3/9/2019 18:11,3/9/2019 11:38,3/9/2019 11:54,3/9/2019 5:04,3/9/2019 18:44,3/9/2019 4:31,3/9/2019 19:17
3/10/2019 6:35,3/10/2019 7:03,3/10/2019 18:45,3/10/2019 19:13,3/10/2019 11:41,3/10/2019 12:54,3/10/2019 6:03,3/10/2019 19:45,3/10/2019 5:30,3/10/2019 20:18
3/11/2019 6:33,3/11/2019 7:01,3/11/2019 18:46,3/11/2019 19:14,3/11/2019 11:44,3/11/2019 12:54,3/11/2019 6:01,3/11/2019 19:46,3/11/2019 5:28,3/11/2019 20:19
3/12/2019 6:32,3/12/2019 7:00,3/12/2019 18:47,3/12/2019 19:15,3/12/2019 11:47,3/12/2019 12:53,3/12/2019 5:59,3/12/2019 19:48,3/12/2019 5:26,3/12/2019 20:20
3/13/2019 6:30,3/13/2019 6:58,3/13/2019 18:48,3/13/2019 19:16,3/13/2019 11:50,3/13/2019 12:53,3/13/2019 5:57,3/13/2019 19:49,3/13/2019 5:24,3/13/2019 20:22
3/14/2019 6:28,3/14/2019 6:56,3/14/2019 18:49,3/14/2019 19:17,3/14/2019 11:53,3/14/2019 12:53,3/14/2019 5:56,3/14/2019 19:50,3/14/2019 5:23,3/14/2019 20:23
3/15/2019 6:27,3/15/2019 6:54,3/15/2019 18:51,3/15/2019 19:18,3/15/2019 11:56,3/15/2019 12:52,3/15/2019 5:54,3/15/2019 19:51,3/15/2019 5:21,3/15/2019 20:24
3/16/2019 6:25,3/16/2019 6:53,3/16/2019 18:52,3/16/2019 19:20,3/16/2019 11:58,3/16/2019 12:52,3/16/2019 5:52,3/16/2019 19:52,3/16/2019 5:19,3/16/2019 20:26
3/17/2019 6:23,3/17/2019 6:51,3/17/2019 18:53,3/17/2019 19:21,3/17/2019 12:01,3/17/2019 12:52,3/17/2019 5:50,3/17/2019 19:53,3/17/2019 5:17,3/17/2019 20:27
3/18/2019 6:21,3/18/2019 6:49,3/18/2019 18:54,3/18/2019 19:22,3/18/2019 12:04,3/18/2019 12:52,3/18/2019 5:49,3/18/2019 19:55,3/18/2019 5:15,3/18/2019 20:28
3/19/2019 6:20,3/19/2019 6:48,3/19/2019 18:55,3/19/2019 19:23,3/19/2019 12:07,3/19/2019 12:51,3/19/2019 5:47,3/19/2019 19:56,3/19/2019 5:13,3/19/2019 20:29
3/20/2019 6:18,3/20/2019 6:46,3/20/2019 18:56,3/20/2019 19:24,3/20/2019 12:10,3/20/2019 12:51,3/20/2019 5:45,3/20/2019 19:57,3/20/2019 5:11,3/20/2019 20:31
3/21/2019 6:16,3/21/2019 6:44,3/21/2019 18:57,3/21/2019 19:25,3/21/2019 12:13,3/21/2019 12:51,3/21/2019 5:43,3/21/2019 19:58,3/21/2019 5:10,3/21/2019 20:32
3/22/2019 6:14,3/22/2019 6:42,3/22/2019 18:59,3/22/2019 19:27,3/22/2019 12:16,3/22/2019 12:50,3/22/2019 5:41,3/22/2019 20:00,3/22/2019 5:08,3/22/2019 20:33
3/23/2019 6:13,3/23/2019 6:41,3/23/2019 19:00,3/23/2019 19:28,3/23/2019 12:19,3/23/2019 12:50,3/23/2019 5:40,3/23/2019 20:01,3/23/2019 5:06,3/23/2019 20:35
3/24/2019 6:11,3/24/2019 6:39,3/24/2019 19:01,3/24/2019 19:29,3/24/2019 12:22,3/24/2019 12:50,3/24/2019 5:38,3/24/2019 20:02,3/24/2019 5:04,3/24/2019 20:36
3/25/2019 6:09,3/25/2019 6:37,3/25/2019 19:02,3/25/2019 19:30,3/25/2019 12:24,3/25/2019 12:50,3/25/2019 5:36,3/25/2019 20:03,3/25/2019 5:02,3/25/2019 20:37
3/26/2019 6:07,3/26/2019 6:35,3/26/2019 19:03,3/26/2019 19:31,3/26/2019 12:27,3/26/2019 12:49,3/26/2019 5:34,3/26/2019 20:04,3/26/2019 5:00,3/26/2019 20:39
3/27/2019 6:06,3/27/2019 6:34,3/27/2019 19:04,3/27/2019 19:32,3/27/2019 12:30,3/27/2019 12:49,3/27/2019 5:32,3/27/2019 20:06,3/27/2019 4:58,3/27/2019 20:40
3/28/2019 6:04,3/28/2019 6:32,3/28/2019 19:05,3/28/2019 19:34,3/28/2019 12:33,3/28/2019 12:49,3/28/2019 5:30,3/28/2019 20:07,3/28/2019 4:56,3/28/2019 20:41
3/29/2019 6:02,3/29/2019 6:30,3/29/2019 19:07,3/29/2019 19:35,3/29/2019 12:36,3/29/2019 12:48,3/29/2019 5:29,3/29/2019 20:08,3/29/2019 4:54,3/29/2019 20:43
3/30/2019 6:00,3/30/2019 6:28,3/30/2019 19:08,3/30/2019 19:36,3/30/2019 12:39,3/30/2019 12:48,3/30/2019 5:27,3/30/2019 20:09,3/30/2019 4:52,3/30/2019 20:44
3/31/2019 5:58,3/31/2019 6:27,3/31/2019 19:09,3/31/2019 19:37,3/31/2019 12:42,3/31/2019 12:48,3/31/2019 5:25,3/31/2019 20:11,3/31/2019 4:50,3/31/2019 20:45
4/1/2019 5:57,4/1/2019 6:25,4/1/2019 19:10,4/1/2019 19:38,4/1/2019 12:44,4/1/2019 12:47,4/1/2019 5:23,4/1/2019 20:12,4/1/2019 4:48,4/1/2019 20:47
4/2/2019 5:55,4/2/2019 6:23,4/2/2019 19:11,4/2/2019 19:39,4/2/2019 12:47,4/2/2019 12:47,4/2/2019 5:21,4/2/2019 20:13,4/2/2019 4:46,4/2/2019 20:48
4/3/2019 5:53,4/3/2019 6:22,4/3/2019 19:12,4/3/2019 19:41,4/3/2019 12:50,4/3/2019 12:47,4/3/2019 5:19,4/3/2019 20:14,4/3/2019 4:44,4/3/2019 20:50
4/4/2019 5:51,4/4/2019 6:20,4/4/2019 19:13,4/4/2019 19:42,4/4/2019 12:53,4/4/2019 12:47,4/4/2019 5:17,4/4/2019 20:16,4/4/2019 4:42,4/4/2019 20:51
4/5/2019 5:50,4/5/2019 6:18,4/5/2019 19:14,4/5/2019 19:43,4/5/2019 12:56,4/5/2019 12:46,4/5/2019 5:16,4/5/2019 20:17,4/5/2019 4:40,4/5/2019 20:52
4/6/2019 5:48,4/6/2019 6:16,4/6/2019 19:16,4/6/2019 19:44,4/6/2019 12:59,4/6/2019 12:46,4/6/2019 5:14,4/6/2019 20:18,4/6/2019 4:38,4/6/2019 20:54
4/7/2019 5:46,4/7/2019 6:15,4/7/2019 19:17,4/7/2019 19:45,4/7/2019 13:01,4/7/2019 12:46,4/7/2019 5:12,4/7/2019 20:20,4/7/2019 4:36,4/7/2019 20:55
4/8/2019 5:44,4/8/2019 6:13,4/8/2019 19:18,4/8/2019 19:46,4/8/2019 13:04,4/8/2019 12:45,4/8/2019 5:10,4/8/2019 20:21,4/8/2019 4:34,4/8/2019 20:57
4/9/2019 5:43,4/9/2019 6:11,4/9/2019 19:19,4/9/2019 19:48,4/9/2019 13:07,4/9/2019 12:45,4/9/2019 5:08,4/9/2019 20:22,4/9/2019 4:32,4/9/2019 20:58
4/10/2019 5:41,4/10/2019 6:10,4/10/2019 19:20,4/10/2019 19:49,4/10/2019 13:10,4/10/2019 12:45,4/10/2019 5:06,4/10/2019 20:23,4/10/2019 4:30,4/10/2019 21:00
4/11/2019 5:39,4/11/2019 6:08,4/11/2019 19:21,4/11/2019 19:50,4/11/2019 13:13,4/11/2019 12:45,4/11/2019 5:05,4/11/2019 20:25,4/11/2019 4:28,4/11/2019 21:01
4/12/2019 5:38,4/12/2019 6:06,4/12/2019 19:22,4/12/2019 19:51,4/12/2019 13:15,4/12/2019 12:44,4/12/2019 5:03,4/12/2019 20:26,4/12/2019 4:26,4/12/2019 21:03
4/13/2019 5:36,4/13/2019 6:05,4/13/2019 19:23,4/13/2019 19:52,4/13/2019 13:18,4/13/2019 12:44,4/13/2019 5:01,4/13/2019 20:27,4/13/2019 4:24,4/13/2019 21:04
4/14/2019 5:34,4/14/2019 6:03,4/14/2019 19:25,4/14/2019 19:54,4/14/2019 13:21,4/14/2019 12:44,4/14/2019 4:59,4/14/2019 20:29,4/14/2019 4:22,4/14/2019 21:06
4/15/2019 5:32,4/15/2019 6:02,4/15/2019 19:26,4/15/2019 19:55,4/15/2019 13:24,4/15/2019 12:44,4/15/2019 4:57,4/15/2019 20:30,4/15/2019 4:20,4/15/2019 21:07
4/16/2019 5:31,4/16/2019 6:00,4/16/2019 19:27,4/16/2019 19:56,4/16/2019 13:26,4/16/2019 12:43,4/16/2019 4:55,4/16/2019 20:31,4/16/2019 4:18,4/16/2019 21:09
4/17/2019 5:29,4/17/2019 5:58,4/17/2019 19:28,4/17/2019 19:57,4/17/2019 13:29,4/17/2019 12:43,4/17/2019 4:54,4/17/2019 20:33,4/17/2019 4:16,4/17/2019 21:10
4/18/2019 5:27,4/18/2019 5:57,4/18/2019 19:29,4/18/2019 19:58,4/18/2019 13:32,4/18/2019 12:43,4/18/2019 4:52,4/18/2019 20:34,4/18/2019 4:14,4/18/2019 21:12
4/19/2019 5:26,4/19/2019 5:55,4/19/2019 19:30,4/19/2019 20:00,4/19/2019 13:34,4/19/2019 12:43,4/19/2019 4:50,4/19/2019 20:35,4/19/2019 4:12,4/19/2019 21:14
4/20/2019 5:24,4/20/2019 5:54,4/20/2019 19:31,4/20/2019 20:01,4/20/2019 13:37,4/20/2019 12:43,4/20/2019 4:48,4/20/2019 20:37,4/20/2019 4:10,4/20/2019 21:15
4/21/2019 5:23,4/21/2019 5:52,4/21/2019 19:32,4/21/2019 20:02,4/21/2019 13:40,4/21/2019 12:42,4/21/2019 4:47,4/21/2019 20:38,4/21/2019 4:08,4/21/2019 21:17
4/22/2019 5:21,4/22/2019 5:51,4/22/2019 19:34,4/22/2019 20:03,4/22/2019 13:42,4/22/2019 12:42,4/22/2019 4:45,4/22/2019 20:40,4/22/2019 4:06,4/22/2019 21:18
4/23/2019 5:19,4/23/2019 5:49,4/23/2019 19:35,4/23/2019 20:05,4/23/2019 13:45,4/23/2019 12:42,4/23/2019 4:43,4/23/2019 20:41,4/23/2019 4:04,4/23/2019 21:20
4/24/2019 5:18,4/24/2019 5:48,4/24/2019 19:36,4/24/2019 20:06,4/24/2019 13:48,4/24/2019 12:42,4/24/2019 4:41,4/24/2019 20:42,4/24/2019 4:02,4/24/2019 21:22
4/25/2019 5:16,4/25/2019 5:46,4/25/2019 19:37,4/25/2019 20:07,4/25/2019 13:50,4/25/2019 12:42,4/25/2019 4:40,4/25/2019 20:44,4/25/2019 4:00,4/25/2019 21:23
4/26/2019 5:15,4/26/2019 5:45,4/26/2019 19:38,4/26/2019 20:08,4/26/2019 13:53,4/26/2019 12:41,4/26/2019 4:38,4/26/2019 20:45,4/26/2019 3:58,4/26/2019 21:25
4/27/2019 5:13,4/27/2019 5:43,4/27/2019 19:39,4/27/2019 20:09,4/27/2019 13:55,4/27/2019 12:41,4/27/2019 4:36,4/27/2019 20:46,4/27/2019 3:56,4/27/2019 21:27
4/28/2019 5:12,4/28/2019 5:42,4/28/2019 19:40,4/28/2019 20:11,4/28/2019 13:58,4/28/2019 12:41,4/28/2019 4:34,4/28/2019 20:48,4/28/2019 3:54,4/28/2019 21:28
4/29/2019 5:10,4/29/2019 5:41,4/29/2019 19:41,4/29/2019 20:12,4/29/2019 14:00,4/29/2019 12:41,4/29/2019 4:33,4/29/2019 20:49,4/29/2019 3:52,4/29/2019 21:30
4/30/2019 5:09,4/30/2019 5:39,4/30/2019 19:43,4/30/2019 20:13,4/30/2019 14:03,4/30/2019 12:41,4/30/2019 4:31,4/30/2019 20:51,4/30/2019 3:50,4/30/2019 21:32
5/1/2019 5:07,5/1/2019 5:38,5/1/2019 19:44,5/1/2019 20:14,5/1/2019 14:05,5/1/2019 12:41,5/1/2019 4:30,5/1/2019 20:52,5/1/2019 3:48,5/1/2019 21:33
5/2/2019 5:06,5/2/2019 5:37,5/2/2019 19:45,5/2/2019 20:15,5/2/2019 14:08,5/2/2019 12:41,5/2/2019 4:28,5/2/2019 20:53,5/2/2019 3:46,5/2/2019 21:35
5/3/2019 5:04,5/3/2019 5:35,5/3/2019 19:46,5/3/2019 20:17,5/3/2019 14:10,5/3/2019 12:41,5/3/2019 4:26,5/3/2019 20:55,5/3/2019 3:44,5/3/2019 21:37
5/4/2019 5:03,5/4/2019 5:34,5/4/2019 19:47,5/4/2019 20:18,5/4/2019 14:12,5/4/2019 12:40,5/4/2019 4:25,5/4/2019 20:56,5/4/2019 3:43,5/4/2019 21:38
5/5/2019 5:02,5/5/2019 5:33,5/5/2019 19:48,5/5/2019 20:19,5/5/2019 14:15,5/5/2019 12:40,5/5/2019 4:23,5/5/2019 20:58,5/5/2019 3:41,5/5/2019 21:40
5/6/2019 5:00,5/6/2019 5:32,5/6/2019 19:49,5/6/2019 20:20,5/6/2019 14:17,5/6/2019 12:40,5/6/2019 4:22,5/6/2019 20:59,5/6/2019 3:39,5/6/2019 21:42
5/7/2019 4:59,5/7/2019 5:30,5/7/2019 19:50,5/7/2019 20:22,5/7/2019 14:19,5/7/2019 12:40,5/7/2019 4:20,5/7/2019 21:00,5/7/2019 3:37,5/7/2019 21:44
5/8/2019 4:58,5/8/2019 5:29,5/8/2019 19:51,5/8/2019 20:23,5/8/2019 14:22,5/8/2019 12:40,5/8/2019 4:19,5/8/2019 21:02,5/8/2019 3:35,5/8/2019 21:45
5/9/2019 4:56,5/9/2019 5:28,5/9/2019 19:52,5/9/2019 20:24,5/9/2019 14:24,5/9/2019 12:40,5/9/2019 4:17,5/9/2019 21:03,5/9/2019 3:33,5/9/2019 21:47
5/10/2019 4:55,5/10/2019 5:27,5/10/2019 19:53,5/10/2019 20:25,5/10/2019 14:26,5/10/2019 12:40,5/10/2019 4:16,5/10/2019 21:05,5/10/2019 3:32,5/10/2019 21:49
5/11/2019 4:54,5/11/2019 5:26,5/11/2019 19:55,5/11/2019 20:26,5/11/2019 14:28,5/11/2019 12:40,5/11/2019 4:14,5/11/2019 21:06,5/11/2019 3:30,5/11/2019 21:50
5/12/2019 4:53,5/12/2019 5:25,5/12/2019 19:56,5/12/2019 20:27,5/12/2019 14:31,5/12/2019 12:40,5/12/2019 4:13,5/12/2019 21:07,5/12/2019 3:28,5/12/2019 21:52
5/13/2019 4:52,5/13/2019 5:24,5/13/2019 19:57,5/13/2019 20:29,5/13/2019 14:33,5/13/2019 12:40,5/13/2019 4:12,5/13/2019 21:09,5/13/2019 3:26,5/13/2019 21:54
5/14/2019 4:50,5/14/2019 5:22,5/14/2019 19:58,5/14/2019 20:30,5/14/2019 14:35,5/14/2019 12:40,5/14/2019 4:10,5/14/2019 21:10,5/14/2019 3:25,5/14/2019 21:55
5/15/2019 4:49,5/15/2019 5:21,5/15/2019 19:59,5/15/2019 20:31,5/15/2019 14:37,5/15/2019 12:40,5/15/2019 4:09,5/15/2019 21:11,5/15/2019 3:23,5/15/2019 21:57
5/16/2019 4:48,5/16/2019 5:21,5/16/2019 20:00,5/16/2019 20:32,5/16/2019 14:39,5/16/2019 12:40,5/16/2019 4:08,5/16/2019 21:13,5/16/2019 3:21,5/16/2019 21:59
5/17/2019 4:47,5/17/2019 5:20,5/17/2019 20:01,5/17/2019 20:33,5/17/2019 14:41,5/17/2019 12:40,5/17/2019 4:06,5/17/2019 21:14,5/17/2019 3:20,5/17/2019 22:00
5/18/2019 4:46,5/18/2019 5:19,5/18/2019 20:02,5/18/2019 20:34,5/18/2019 14:43,5/18/2019 12:40,5/18/2019 4:05,5/18/2019 21:15,5/18/2019 3:18,5/18/2019 22:02
5/19/2019 4:45,5/19/2019 5:18,5/19/2019 20:03,5/19/2019 20:35,5/19/2019 14:45,5/19/2019 12:40,5/19/2019 4:04,5/19/2019 21:17,5/19/2019 3:17,5/19/2019 22:04
5/20/2019 4:44,5/20/2019 5:17,5/20/2019 20:04,5/20/2019 20:36,5/20/2019 14:46,5/20/2019 12:40,5/20/2019 4:03,5/20/2019 21:18,5/20/2019 3:15,5/20/2019 22:05
5/21/2019 4:43,5/21/2019 5:16,5/21/2019 20:05,5/21/2019 20:38,5/21/2019 14:48,5/21/2019 12:40,5/21/2019 4:02,5/21/2019 21:19,5/21/2019 3:14,5/21/2019 22:07
5/22/2019 4:42,5/22/2019 5:15,5/22/2019 20:06,5/22/2019 20:39,5/22/2019 14:50,5/22/2019 12:40,5/22/2019 4:01,5/22/2019 21:20,5/22/2019 3:12,5/22/2019 22:09
5/23/2019 4:41,5/23/2019 5:15,5/23/2019 20:07,5/23/2019 20:40,5/23/2019 14:52,5/23/2019 12:41,5/23/2019 4:00,5/23/2019 21:22,5/23/2019 3:11,5/23/2019 22:10
5/24/2019 4:41,5/24/2019 5:14,5/24/2019 20:08,5/24/2019 20:41,5/24/2019 14:53,5/24/2019 12:41,5/24/2019 3:59,5/24/2019 21:23,5/24/2019 3:10,5/24/2019 22:12
5/25/2019 4:40,5/25/2019 5:13,5/25/2019 20:08,5/25/2019 20:42,5/25/2019 14:55,5/25/2019 12:41,5/25/2019 3:58,5/25/2019 21:24,5/25/2019 3:08,5/25/2019 22:13
5/26/2019 4:39,5/26/2019 5:12,5/26/2019 20:09,5/26/2019 20:43,5/26/2019 14:56,5/26/2019 12:41,5/26/2019 3:57,5/26/2019 21:25,5/26/2019 3:07,5/26/2019 22:15
5/27/2019 4:38,5/27/2019 5:12,5/27/2019 20:10,5/27/2019 20:44,5/27/2019 14:58,5/27/2019 12:41,5/27/2019 3:56,5/27/2019 21:26,5/27/2019 3:06,5/27/2019 22:16
5/28/2019 4:38,5/28/2019 5:11,5/28/2019 20:11,5/28/2019 20:45,5/28/2019 14:59,5/28/2019 12:41,5/28/2019 3:55,5/28/2019 21:27,5/28/2019 3:04,5/28/2019 22:18
5/29/2019 4:37,5/29/2019 5:11,5/29/2019 20:12,5/29/2019 20:46,5/29/2019 15:01,5/29/2019 12:41,5/29/2019 3:54,5/29/2019 21:28,5/29/2019 3:03,5/29/2019 22:19
5/30/2019 4:36,5/30/2019 5:10,5/30/2019 20:13,5/30/2019 20:46,5/30/2019 15:02,5/30/2019 12:41,5/30/2019 3:53,5/30/2019 21:30,5/30/2019 3:02,5/30/2019 22:21
5/31/2019 4:36,5/31/2019 5:10,5/31/2019 20:13,5/31/2019 20:47,5/31/2019 15:03,5/31/2019 12:42,5/31/2019 3:52,5/31/2019 21:31,5/31/2019 3:01,5/31/2019 22:22
6/1/2019 4:35,6/1/2019 5:09,6/1/2019 20:14,6/1/2019 20:48,6/1/2019 15:05,6/1/2019 12:42,6/1/2019 3:52,6/1/2019 21:32,6/1/2019 3:00,6/1/2019 22:23
6/2/2019 4:35,6/2/2019 5:09,6/2/2019 20:15,6/2/2019 20:49,6/2/2019 15:06,6/2/2019 12:42,6/2/2019 3:51,6/2/2019 21:33,6/2/2019 2:59,6/2/2019 22:25
6/3/2019 4:34,6/3/2019 5:08,6/3/2019 20:16,6/3/2019 20:50,6/3/2019 15:07,6/3/2019 12:42,6/3/2019 3:50,6/3/2019 21:34,6/3/2019 2:58,6/3/2019 22:26
6/4/2019 4:34,6/4/2019 5:08,6/4/2019 20:16,6/4/2019 20:51,6/4/2019 15:08,6/4/2019 12:42,6/4/2019 3:50,6/4/2019 21:34,6/4/2019 2:57,6/4/2019 22:27
6/5/2019 4:33,6/5/2019 5:08,6/5/2019 20:17,6/5/2019 20:51,6/5/2019 15:09,6/5/2019 12:42,6/5/2019 3:49,6/5/2019 21:35,6/5/2019 2:57,6/5/2019 22:28
6/6/2019 4:33,6/6/2019 5:07,6/6/2019 20:18,6/6/2019 20:52,6/6/2019 15:10,6/6/2019 12:43,6/6/2019 3:49,6/6/2019 21:36,6/6/2019 2:56,6/6/2019 22:29
6/7/2019 4:33,6/7/2019 5:07,6/7/2019 20:18,6/7/2019 20:53,6/7/2019 15:11,6/7/2019 12:43,6/7/2019 3:48,6/7/2019 21:37,6/7/2019 2:55,6/7/2019 22:30
6/8/2019 4:32,6/8/2019 5:07,6/8/2019 20:19,6/8/2019 20:53,6/8/2019 15:12,6/8/2019 12:43,6/8/2019 3:48,6/8/2019 21:38,6/8/2019 2:55,6/8/2019 22:31
6/9/2019 4:32,6/9/2019 5:07,6/9/2019 20:20,6/9/2019 20:54,6/9/2019 15:13,6/9/2019 12:43,6/9/2019 3:48,6/9/2019 21:38,6/9/2019 2:54,6/9/2019 22:32
6/10/2019 4:32,6/10/2019 5:06,6/10/2019 20:20,6/10/2019 20:55,6/10/2019 15:13,6/10/2019 12:43,6/10/2019 3:47,6/10/2019 21:39,6/10/2019 2:54,6/10/2019 22:33
6/11/2019 4:32,6/11/2019 5:06,6/11/2019 20:21,6/11/2019 20:55,6/11/2019 15:14,6/11/2019 12:44,6/11/2019 3:47,6/11/2019 21:40,6/11/2019 2:53,6/11/2019 22:34
6/12/2019 4:32,6/12/2019 5:06,6/12/2019 20:21,6/12/2019 20:56,6/12/2019 15:14,6/12/2019 12:44,6/12/2019 3:47,6/12/2019 21:40,6/12/2019 2:53,6/12/2019 22:35
6/13/2019 4:32,6/13/2019 5:06,6/13/2019 20:22,6/13/2019 20:56,6/13/2019 15:15,6/13/2019 12:44,6/13/2019 3:47,6/13/2019 21:41,6/13/2019 2:52,6/13/2019 22:35
6/14/2019 4:32,6/14/2019 5:06,6/14/2019 20:22,6/14/2019 20:57,6/14/2019 15:15,6/14/2019 12:44,6/14/2019 3:47,6/14/2019 21:42,6/14/2019 2:52,6/14/2019 22:36
6/15/2019 4:32,6/15/2019 5:06,6/15/2019 20:22,6/15/2019 20:57,6/15/2019 15:16,6/15/2019 12:44,6/15/2019 3:47,6/15/2019 21:42,6/15/2019 2:52,6/15/2019 22:37
6/16/2019 4:32,6/16/2019 5:06,6/16/2019 20:23,6/16/2019 20:58,6/16/2019 15:16,6/16/2019 12:45,6/16/2019 3:47,6/16/2019 21:42,6/16/2019 2:52,6/16/2019 22:37
6/17/2019 4:32,6/17/2019 5:06,6/17/2019 20:23,6/17/2019 20:58,6/17/2019 15:16,6/17/2019 12:45,6/17/2019 3:47,6/17/2019 21:43,6/17/2019 2:52,6/17/2019 22:38
6/18/2019 4:32,6/18/2019 5:07,6/18/2019 20:24,6/18/2019 20:58,6/18/2019 15:17,6/18/2019 12:45,6/18/2019 3:47,6/18/2019 21:43,6/18/2019 2:52,6/18/2019 22:38
6/19/2019 4:32,6/19/2019 5:07,6/19/2019 20:24,6/19/2019 20:59,6/19/2019 15:17,6/19/2019 12:45,6/19/2019 3:47,6/19/2019 21:44,6/19/2019 2:52,6/19/2019 22:38
6/20/2019 4:32,6/20/2019 5:07,6/20/2019 20:24,6/20/2019 20:59,6/20/2019 15:17,6/20/2019 12:45,6/20/2019 3:47,6/20/2019 21:44,6/20/2019 2:52,6/20/2019 22:39
6/21/2019 4:32,6/21/2019 5:07,6/21/2019 20:24,6/21/2019 20:59,6/21/2019 15:17,6/21/2019 12:46,6/21/2019 3:47,6/21/2019 21:44,6/21/2019 2:52,6/21/2019 22:39
6/22/2019 4:33,6/22/2019 5:07,6/22/2019 20:24,6/22/2019 20:59,6/22/2019 15:17,6/22/2019 12:46,6/22/2019 3:48,6/22/2019 21:44,6/22/2019 2:53,6/22/2019 22:39
6/23/2019 4:33,6/23/2019 5:08,6/23/2019 20:25,6/23/2019 20:59,6/23/2019 15:16,6/23/2019 12:46,6/23/2019 3:48,6/23/2019 21:44,6/23/2019 2:53,6/23/2019 22:39
6/24/2019 4:33,6/24/2019 5:08,6/24/2019 20:25,6/24/2019 20:59,6/24/2019 15:16,6/24/2019 12:46,6/24/2019 3:48,6/24/2019 21:44,6/24/2019 2:53,6/24/2019 22:39
6/25/2019 4:34,6/25/2019 5:08,6/25/2019 20:25,6/25/2019 20:59,6/25/2019 15:16,6/25/2019 12:47,6/25/2019 3:49,6/25/2019 21:44,6/25/2019 2:54,6/25/2019 22:39
6/26/2019 4:34,6/26/2019 5:09,6/26/2019 20:25,6/26/2019 20:59,6/26/2019 15:16,6/26/2019 12:47,6/26/2019 3:49,6/26/2019 21:44,6/26/2019 2:55,6/26/2019 22:39
6/27/2019 4:34,6/27/2019 5:09,6/27/2019 20:25,6/27/2019 20:59,6/27/2019 15:15,6/27/2019 12:47,6/27/2019 3:50,6/27/2019 21:44,6/27/2019 2:55,6/27/2019 22:39
6/28/2019 4:35,6/28/2019 5:10,6/28/2019 20:25,6/28/2019 20:59,6/28/2019 15:15,6/28/2019 12:47,6/28/2019 3:50,6/28/2019 21:44,6/28/2019 2:56,6/28/2019 22:38
6/29/2019 4:35,6/29/2019 5:10,6/29/2019 20:25,6/29/2019 20:59,6/29/2019 15:14,6/29/2019 12:47,6/29/2019 3:51,6/29/2019 21:44,6/29/2019 2:57,6/29/2019 22:38
6/30/2019 4:36,6/30/2019 5:11,6/30/2019 20:25,6/30/2019 20:59,6/30/2019 15:14,6/30/2019 12:48,6/30/2019 3:51,6/30/2019 21:44,6/30/2019 2:57,6/30/2019 22:38
7/1/2019 4:37,7/1/2019 5:11,7/1/2019 20:24,7/1/2019 20:59,7/1/2019 15:13,7/1/2019 12:48,7/1/2019 3:52,7/1/2019 21:43,7/1/2019 2:58,7/1/2019 22:37
7/2/2019 4:37,7/2/2019 5:12,7/2/2019 20:24,7/2/2019 20:59,7/2/2019 15:12,7/2/2019 12:48,7/2/2019 3:53,7/2/2019 21:43,7/2/2019 2:59,7/2/2019 22:37
7/3/2019 4:38,7/3/2019 5:12,7/3/2019 20:24,7/3/2019 20:58,7/3/2019 15:11,7/3/2019 12:48,7/3/2019 3:54,7/3/2019 21:43,7/3/2019 3:00,7/3/2019 22:36
7/4/2019 4:38,7/4/2019 5:13,7/4/2019 20:24,7/4/2019 20:58,7/4/2019 15:11,7/4/2019 12:48,7/4/2019 3:54,7/4/2019 21:42,7/4/2019 3:01,7/4/2019 22:35
7/5/2019 4:39,7/5/2019 5:13,7/5/2019 20:24,7/5/2019 20:58,7/5/2019 15:10,7/5/2019 12:48,7/5/2019 3:55,7/5/2019 21:42,7/5/2019 3:02,7/5/2019 22:35
7/6/2019 4:40,7/6/2019 5:14,7/6/2019 20:23,7/6/2019 20:57,7/6/2019 15:09,7/6/2019 12:49,7/6/2019 3:56,7/6/2019 21:41,7/6/2019 3:03,7/6/2019 22:34
7/7/2019 4:41,7/7/2019 5:15,7/7/2019 20:23,7/7/2019 20:57,7/7/2019 15:08,7/7/2019 12:49,7/7/2019 3:57,7/7/2019 21:41,7/7/2019 3:04,7/7/2019 22:33
7/8/2019 4:41,7/8/2019 5:15,7/8/2019 20:22,7/8/2019 20:56,7/8/2019 15:07,7/8/2019 12:49,7/8/2019 3:58,7/8/2019 21:40,7/8/2019 3:06,7/8/2019 22:32
7/9/2019 4:42,7/9/2019 5:16,7/9/2019 20:22,7/9/2019 20:56,7/9/2019 15:05,7/9/2019 12:49,7/9/2019 3:59,7/9/2019 21:40,7/9/2019 3:07,7/9/2019 22:31
7/10/2019 4:43,7/10/2019 5:17,7/10/2019 20:22,7/10/2019 20:55,7/10/2019 15:04,7/10/2019 12:49,7/10/2019 4:00,7/10/2019 21:39,7/10/2019 3:08,7/10/2019 22:30
7/11/2019 4:44,7/11/2019 5:18,7/11/2019 20:21,7/11/2019 20:55,7/11/2019 15:03,7/11/2019 12:49,7/11/2019 4:01,7/11/2019 21:38,7/11/2019 3:09,7/11/2019 22:29
7/12/2019 4:45,7/12/2019 5:18,7/12/2019 20:21,7/12/2019 20:54,7/12/2019 15:02,7/12/2019 12:49,7/12/2019 4:02,7/12/2019 21:37,7/12/2019 3:11,7/12/2019 22:28
7/13/2019 4:46,7/13/2019 5:19,7/13/2019 20:20,7/13/2019 20:54,7/13/2019 15:00,7/13/2019 12:50,7/13/2019 4:03,7/13/2019 21:36,7/13/2019 3:12,7/13/2019 22:27
7/14/2019 4:47,7/14/2019 5:20,7/14/2019 20:19,7/14/2019 20:53,7/14/2019 14:59,7/14/2019 12:50,7/14/2019 4:04,7/14/2019 21:36,7/14/2019 3:14,7/14/2019 22:26
7/15/2019 4:47,7/15/2019 5:21,7/15/2019 20:19,7/15/2019 20:52,7/15/2019 14:57,7/15/2019 12:50,7/15/2019 4:05,7/15/2019 21:35,7/15/2019 3:15,7/15/2019 22:25
7/16/2019 4:48,7/16/2019 5:22,7/16/2019 20:18,7/16/2019 20:51,7/16/2019 14:56,7/16/2019 12:50,7/16/2019 4:06,7/16/2019 21:34,7/16/2019 3:16,7/16/2019 22:23
7/17/2019 4:49,7/17/2019 5:23,7/17/2019 20:17,7/17/2019 20:51,7/17/2019 14:54,7/17/2019 12:50,7/17/2019 4:07,7/17/2019 21:33,7/17/2019 3:18,7/17/2019 22:22
7/18/2019 4:50,7/18/2019 5:23,7/18/2019 20:17,7/18/2019 20:50,7/18/2019 14:53,7/18/2019 12:50,7/18/2019 4:08,7/18/2019 21:32,7/18/2019 3:19,7/18/2019 22:21
7/19/2019 4:51,7/19/2019 5:24,7/19/2019 20:16,7/19/2019 20:49,7/19/2019 14:51,7/19/2019 12:50,7/19/2019 4:09,7/19/2019 21:31,7/19/2019 3:21,7/19/2019 22:19
7/20/2019 4:52,7/20/2019 5:25,7/20/2019 20:15,7/20/2019 20:48,7/20/2019 14:49,7/20/2019 12:50,7/20/2019 4:11,7/20/2019 21:30,7/20/2019 3:22,7/20/2019 22:18
7/21/2019 4:53,7/21/2019 5:26,7/21/2019 20:14,7/21/2019 20:47,7/21/2019 14:48,7/21/2019 12:50,7/21/2019 4:12,7/21/2019 21:29,7/21/2019 3:24,7/21/2019 22:16
7/22/2019 4:54,7/22/2019 5:27,7/22/2019 20:13,7/22/2019 20:46,7/22/2019 14:46,7/22/2019 12:50,7/22/2019 4:13,7/22/2019 21:27,7/22/2019 3:26,7/22/2019 22:15
7/23/2019 4:55,7/23/2019 5:28,7/23/2019 20:12,7/23/2019 20:45,7/23/2019 14:44,7/23/2019 12:50,7/23/2019 4:14,7/23/2019 21:26,7/23/2019 3:27,7/23/2019 22:13
7/24/2019 4:57,7/24/2019 5:29,7/24/2019 20:12,7/24/2019 20:44,7/24/2019 14:42,7/24/2019 12:50,7/24/2019 4:16,7/24/2019 21:25,7/24/2019 3:29,7/24/2019 22:12
7/25/2019 4:58,7/25/2019 5:30,7/25/2019 20:11,7/25/2019 20:43,7/25/2019 14:40,7/25/2019 12:50,7/25/2019 4:17,7/25/2019 21:24,7/25/2019 3:30,7/25/2019 22:10
7/26/2019 4:59,7/26/2019 5:31,7/26/2019 20:10,7/26/2019 20:42,7/26/2019 14:38,7/26/2019 12:50,7/26/2019 4:18,7/26/2019 21:22,7/26/2019 3:32,7/26/2019 22:09
7/27/2019 5:00,7/27/2019 5:32,7/27/2019 20:09,7/27/2019 20:41,7/27/2019 14:36,7/27/2019 12:50,7/27/2019 4:19,7/27/2019 21:21,7/27/2019 3:34,7/27/2019 22:07
7/28/2019 5:01,7/28/2019 5:33,7/28/2019 20:08,7/28/2019 20:40,7/28/2019 14:34,7/28/2019 12:50,7/28/2019 4:21,7/28/2019 21:20,7/28/2019 3:35,7/28/2019 22:05
7/29/2019 5:02,7/29/2019 5:34,7/29/2019 20:07,7/29/2019 20:38,7/29/2019 14:32,7/29/2019 12:50,7/29/2019 4:22,7/29/2019 21:18,7/29/2019 3:37,7/29/2019 22:03
7/30/2019 5:03,7/30/2019 5:35,7/30/2019 20:05,7/30/2019 20:37,7/30/2019 14:30,7/30/2019 12:50,7/30/2019 4:23,7/30/2019 21:17,7/30/2019 3:39,7/30/2019 22:02
7/31/2019 5:04,7/31/2019 5:36,7/31/2019 20:04,7/31/2019 20:36,7/31/2019 14:28,7/31/2019 12:50,7/31/2019 4:25,7/31/2019 21:16,7/31/2019 3:40,7/31/2019 22:00
8/1/2019 5:05,8/1/2019 5:37,8/1/2019 20:03,8/1/2019 20:35,8/1/2019 14:26,8/1/2019 12:50,8/1/2019 4:26,8/1/2019 21:14,8/1/2019 3:42,8/1/2019 21:58
8/2/2019 5:06,8/2/2019 5:38,8/2/2019 20:02,8/2/2019 20:33,8/2/2019 14:24,8/2/2019 12:50,8/2/2019 4:27,8/2/2019 21:13,8/2/2019 3:44,8/2/2019 21:56
8/3/2019 5:08,8/3/2019 5:39,8/3/2019 20:01,8/3/2019 20:32,8/3/2019 14:21,8/3/2019 12:50,8/3/2019 4:29,8/3/2019 21:11,8/3/2019 3:45,8/3/2019 21:55
8/4/2019 5:09,8/4/2019 5:40,8/4/2019 20:00,8/4/2019 20:31,8/4/2019 14:19,8/4/2019 12:50,8/4/2019 4:30,8/4/2019 21:10,8/4/2019 3:47,8/4/2019 21:53
8/5/2019 5:10,8/5/2019 5:41,8/5/2019 19:58,8/5/2019 20:29,8/5/2019 14:17,8/5/2019 12:50,8/5/2019 4:31,8/5/2019 21:08,8/5/2019 3:49,8/5/2019 21:51
8/6/2019 5:11,8/6/2019 5:42,8/6/2019 19:57,8/6/2019 20:28,8/6/2019 14:14,8/6/2019 12:50,8/6/2019 4:33,8/6/2019 21:07,8/6/2019 3:50,8/6/2019 21:49
8/7/2019 5:12,8/7/2019 5:43,8/7/2019 19:56,8/7/2019 20:27,8/7/2019 14:12,8/7/2019 12:49,8/7/2019 4:34,8/7/2019 21:05,8/7/2019 3:52,8/7/2019 21:47
8/8/2019 5:13,8/8/2019 5:44,8/8/2019 19:54,8/8/2019 20:25,8/8/2019 14:10,8/8/2019 12:49,8/8/2019 4:35,8/8/2019 21:03,8/8/2019 3:53,8/8/2019 21:45
8/9/2019 5:15,8/9/2019 5:45,8/9/2019 19:53,8/9/2019 20:24,8/9/2019 14:07,8/9/2019 12:49,8/9/2019 4:37,8/9/2019 21:02,8/9/2019 3:55,8/9/2019 21:43
8/10/2019 5:16,8/10/2019 5:46,8/10/2019 19:52,8/10/2019 20:22,8/10/2019 14:05,8/10/2019 12:49,8/10/2019 4:38,8/10/2019 21:00,8/10/2019 3:57,8/10/2019 21:41
8/11/2019 5:17,8/11/2019 5:47,8/11/2019 19:50,8/11/2019 20:21,8/11/2019 14:03,8/11/2019 12:49,8/11/2019 4:39,8/11/2019 20:58,8/11/2019 3:58,8/11/2019 21:39
8/12/2019 5:18,8/12/2019 5:48,8/12/2019 19:49,8/12/2019 20:19,8/12/2019 14:00,8/12/2019 12:49,8/12/2019 4:41,8/12/2019 20:57,8/12/2019 4:00,8/12/2019 21:37
8/13/2019 5:19,8/13/2019 5:49,8/13/2019 19:48,8/13/2019 20:18,8/13/2019 13:58,8/13/2019 12:49,8/13/2019 4:42,8/13/2019 20:55,8/13/2019 4:02,8/13/2019 21:35
8/14/2019 5:20,8/14/2019 5:51,8/14/2019 19:46,8/14/2019 20:16,8/14/2019 13:55,8/14/2019 12:48,8/14/2019 4:43,8/14/2019 20:53,8/14/2019 4:03,8/14/2019 21:34
8/15/2019 5:21,8/15/2019 5:52,8/15/2019 19:45,8/15/2019 20:15,8/15/2019 13:53,8/15/2019 12:48,8/15/2019 4:45,8/15/2019 20:52,8/15/2019 4:05,8/15/2019 21:32
8/16/2019 5:23,8/16/2019 5:53,8/16/2019 19:43,8/16/2019 20:13,8/16/2019 13:50,8/16/2019 12:48,8/16/2019 4:46,8/16/2019 20:50,8/16/2019 4:06,8/16/2019 21:30
8/17/2019 5:24,8/17/2019 5:54,8/17/2019 19:42,8/17/2019 20:12,8/17/2019 13:47,8/17/2019 12:48,8/17/2019 4:47,8/17/2019 20:48,8/17/2019 4:08,8/17/2019 21:28
8/18/2019 5:25,8/18/2019 5:55,8/18/2019 19:40,8/18/2019 20:10,8/18/2019 13:45,8/18/2019 12:47,8/18/2019 4:49,8/18/2019 20:46,8/18/2019 4:09,8/18/2019 21:26
8/19/2019 5:26,8/19/2019 5:56,8/19/2019 19:39,8/19/2019 20:08,8/19/2019 13:42,8/19/2019 12:47,8/19/2019 4:50,8/19/2019 20:45,8/19/2019 4:11,8/19/2019 21:23
8/20/2019 5:27,8/20/2019 5:57,8/20/2019 19:37,8/20/2019 20:07,8/20/2019 13:40,8/20/2019 12:47,8/20/2019 4:51,8/20/2019 20:43,8/20/2019 4:13,8/20/2019 21:21
8/21/2019 5:28,8/21/2019 5:58,8/21/2019 19:36,8/21/2019 20:05,8/21/2019 13:37,8/21/2019 12:47,8/21/2019 4:52,8/21/2019 20:41,8/21/2019 4:14,8/21/2019 21:19
8/22/2019 5:30,8/22/2019 5:59,8/22/2019 19:34,8/22/2019 20:03,8/22/2019 13:34,8/22/2019 12:46,8/22/2019 4:54,8/22/2019 20:39,8/22/2019 4:16,8/22/2019 21:17
8/23/2019 5:31,8/23/2019 6:00,8/23/2019 19:32,8/23/2019 20:02,8/23/2019 13:32,8/23/2019 12:46,8/23/2019 4:55,8/23/2019 20:37,8/23/2019 4:17,8/23/2019 21:15
8/24/2019 5:32,8/24/2019 6:01,8/24/2019 19:31,8/24/2019 20:00,8/24/2019 13:29,8/24/2019 12:46,8/24/2019 4:56,8/24/2019 20:36,8/24/2019 4:19,8/24/2019 21:13
8/25/2019 5:33,8/25/2019 6:02,8/25/2019 19:29,8/25/2019 19:58,8/25/2019 13:26,8/25/2019 12:46,8/25/2019 4:58,8/25/2019 20:34,8/25/2019 4:20,8/25/2019 21:11
8/26/2019 5:34,8/26/2019 6:03,8/26/2019 19:28,8/26/2019 19:57,8/26/2019 13:24,8/26/2019 12:45,8/26/2019 4:59,8/26/2019 20:32,8/26/2019 4:22,8/26/2019 21:09
8/27/2019 5:35,8/27/2019 6:04,8/27/2019 19:26,8/27/2019 19:55,8/27/2019 13:21,8/27/2019 12:45,8/27/2019 5:00,8/27/2019 20:30,8/27/2019 4:23,8/27/2019 21:07
8/28/2019 5:36,8/28/2019 6:05,8/28/2019 19:24,8/28/2019 19:53,8/28/2019 13:18,8/28/2019 12:45,8/28/2019 5:01,8/28/2019 20:28,8/28/2019 4:24,8/28/2019 21:05
8/29/2019 5:37,8/29/2019 6:06,8/29/2019 19:23,8/29/2019 19:52,8/29/2019 13:16,8/29/2019 12:44,8/29/2019 5:03,8/29/2019 20:26,8/29/2019 4:26,8/29/2019 21:03
8/30/2019 5:39,8/30/2019 6:07,8/30/2019 19:21,8/30/2019 19:50,8/30/2019 13:13,8/30/2019 12:44,8/30/2019 5:04,8/30/2019 20:25,8/30/2019 4:27,8/30/2019 21:01
8/31/2019 5:40,8/31/2019 6:09,8/31/2019 19:19,8/31/2019 19:48,8/31/2019 13:10,8/31/2019 12:44,8/31/2019 5:05,8/31/2019 20:23,8/31/2019 4:29,8/31/2019 20:59
9/1/2019 5:41,9/1/2019 6:10,9/1/2019 19:18,9/1/2019 19:46,9/1/2019 13:07,9/1/2019 12:44,9/1/2019 5:06,9/1/2019 20:21,9/1/2019 4:30,9/1/2019 20:57
9/2/2019 5:42,9/2/2019 6:11,9/2/2019 19:16,9/2/2019 19:45,9/2/2019 13:05,9/2/2019 12:43,9/2/2019 5:08,9/2/2019 20:19,9/2/2019 4:32,9/2/2019 20:55
9/3/2019 5:43,9/3/2019 6:12,9/3/2019 19:14,9/3/2019 19:43,9/3/2019 13:02,9/3/2019 12:43,9/3/2019 5:09,9/3/2019 20:17,9/3/2019 4:33,9/3/2019 20:53
9/4/2019 5:44,9/4/2019 6:13,9/4/2019 19:12,9/4/2019 19:41,9/4/2019 12:59,9/4/2019 12:43,9/4/2019 5:10,9/4/2019 20:15,9/4/2019 4:34,9/4/2019 20:51
9/5/2019 5:45,9/5/2019 6:14,9/5/2019 19:11,9/5/2019 19:39,9/5/2019 12:56,9/5/2019 12:42,9/5/2019 5:11,9/5/2019 20:13,9/5/2019 4:36,9/5/2019 20:49
9/6/2019 5:46,9/6/2019 6:15,9/6/2019 19:09,9/6/2019 19:37,9/6/2019 12:54,9/6/2019 12:42,9/6/2019 5:12,9/6/2019 20:11,9/6/2019 4:37,9/6/2019 20:47
9/7/2019 5:47,9/7/2019 6:16,9/7/2019 19:07,9/7/2019 19:36,9/7/2019 12:51,9/7/2019 12:42,9/7/2019 5:14,9/7/2019 20:10,9/7/2019 4:38,9/7/2019 20:45
9/8/2019 5:49,9/8/2019 6:17,9/8/2019 19:05,9/8/2019 19:34,9/8/2019 12:48,9/8/2019 12:41,9/8/2019 5:15,9/8/2019 20:08,9/8/2019 4:40,9/8/2019 20:43
9/9/2019 5:50,9/9/2019 6:18,9/9/2019 19:04,9/9/2019 19:32,9/9/2019 12:45,9/9/2019 12:41,9/9/2019 5:16,9/9/2019 20:06,9/9/2019 4:41,9/9/2019 20:41
9/10/2019 5:51,9/10/2019 6:19,9/10/2019 19:02,9/10/2019 19:30,9/10/2019 12:42,9/10/2019 12:41,9/10/2019 5:17,9/10/2019 20:04,9/10/2019 4:42,9/10/2019 20:39
9/11/2019 5:52,9/11/2019 6:20,9/11/2019 19:00,9/11/2019 19:28,9/11/2019 12:40,9/11/2019 12:40,9/11/2019 5:18,9/11/2019 20:02,9/11/2019 4:44,9/11/2019 20:37
9/12/2019 5:53,9/12/2019 6:21,9/12/2019 18:58,9/12/2019 19:27,9/12/2019 12:37,9/12/2019 12:40,9/12/2019 5:20,9/12/2019 20:00,9/12/2019 4:45,9/12/2019 20:35
9/13/2019 5:54,9/13/2019 6:22,9/13/2019 18:57,9/13/2019 19:25,9/13/2019 12:34,9/13/2019 12:39,9/13/2019 5:21,9/13/2019 19:58,9/13/2019 4:46,9/13/2019 20:33
9/14/2019 5:55,9/14/2019 6:23,9/14/2019 18:55,9/14/2019 19:23,9/14/2019 12:31,9/14/2019 12:39,9/14/2019 5:22,9/14/2019 19:56,9/14/2019 4:48,9/14/2019 20:31
9/15/2019 5:56,9/15/2019 6:24,9/15/2019 18:53,9/15/2019 19:21,9/15/2019 12:28,9/15/2019 12:39,9/15/2019 5:23,9/15/2019 19:54,9/15/2019 4:49,9/15/2019 20:29
9/16/2019 5:57,9/16/2019 6:25,9/16/2019 18:51,9/16/2019 19:19,9/16/2019 12:26,9/16/2019 12:38,9/16/2019 5:24,9/16/2019 19:53,9/16/2019 4:50,9/16/2019 20:27
9/17/2019 5:58,9/17/2019 6:26,9/17/2019 18:50,9/17/2019 19:18,9/17/2019 12:23,9/17/2019 12:38,9/17/2019 5:25,9/17/2019 19:51,9/17/2019 4:51,9/17/2019 20:25
9/18/2019 5:59,9/18/2019 6:27,9/18/2019 18:48,9/18/2019 19:16,9/18/2019 12:20,9/18/2019 12:38,9/18/2019 5:26,9/18/2019 19:49,9/18/2019 4:53,9/18/2019 20:23
9/19/2019 6:01,9/19/2019 6:29,9/19/2019 18:46,9/19/2019 19:14,9/19/2019 12:17,9/19/2019 12:37,9/19/2019 5:28,9/19/2019 19:47,9/19/2019 4:54,9/19/2019 20:21
9/20/2019 6:02,9/20/2019 6:30,9/20/2019 18:44,9/20/2019 19:12,9/20/2019 12:14,9/20/2019 12:37,9/20/2019 5:29,9/20/2019 19:45,9/20/2019 4:55,9/20/2019 20:19
9/21/2019 6:03,9/21/2019 6:31,9/21/2019 18:43,9/21/2019 19:10,9/21/2019 12:11,9/21/2019 12:37,9/21/2019 5:30,9/21/2019 19:43,9/21/2019 4:56,9/21/2019 20:17
9/22/2019 6:04,9/22/2019 6:32,9/22/2019 18:41,9/22/2019 19:09,9/22/2019 12:09,9/22/2019 12:36,9/22/2019 5:31,9/22/2019 19:42,9/22/2019 4:57,9/22/2019 20:15
9/23/2019 6:05,9/23/2019 6:33,9/23/2019 18:39,9/23/2019 19:07,9/23/2019 12:06,9/23/2019 12:36,9/23/2019 5:32,9/23/2019 19:40,9/23/2019 4:59,9/23/2019 20:13
9/24/2019 6:06,9/24/2019 6:34,9/24/2019 18:37,9/24/2019 19:05,9/24/2019 12:03,9/24/2019 12:36,9/24/2019 5:33,9/24/2019 19:38,9/24/2019 5:00,9/24/2019 20:11
9/25/2019 6:07,9/25/2019 6:35,9/25/2019 18:35,9/25/2019 19:03,9/25/2019 12:00,9/25/2019 12:35,9/25/2019 5:34,9/25/2019 19:36,9/25/2019 5:01,9/25/2019 20:09
9/26/2019 6:08,9/26/2019 6:36,9/26/2019 18:34,9/26/2019 19:02,9/26/2019 11:57,9/26/2019 12:35,9/26/2019 5:35,9/26/2019 19:34,9/26/2019 5:02,9/26/2019 20:07
9/27/2019 6:09,9/27/2019 6:37,9/27/2019 18:32,9/27/2019 19:00,9/27/2019 11:54,9/27/2019 12:35,9/27/2019 5:37,9/27/2019 19:32,9/27/2019 5:03,9/27/2019 20:06
9/28/2019 6:10,9/28/2019 6:38,9/28/2019 18:30,9/28/2019 18:58,9/28/2019 11:52,9/28/2019 12:34,9/28/2019 5:38,9/28/2019 19:31,9/28/2019 5:05,9/28/2019 20:04
9/29/2019 6:11,9/29/2019 6:39,9/29/2019 18:28,9/29/2019 18:56,9/29/2019 11:49,9/29/2019 12:34,9/29/2019 5:39,9/29/2019 19:29,9/29/2019 5:06,9/29/2019 20:02
9/30/2019 6:12,9/30/2019 6:40,9/30/2019 18:27,9/30/2019 18:55,9/30/2019 11:46,9/30/2019 12:34,9/30/2019 5:40,9/30/2019 19:27,9/30/2019 5:07,9/30/2019 20:00
10/1/2019 6:14,10/1/2019 6:41,10/1/2019 18:25,10/1/2019 18:53,10/1/2019 11:43,10/1/2019 12:33,10/1/2019 5:41,10/1/2019 19:25,10/1/2019 5:08,10/1/2019 19:58
10/2/2019 6:15,10/2/2019 6:43,10/2/2019 18:23,10/2/2019 18:51,10/2/2019 11:40,10/2/2019 12:33,10/2/2019 5:42,10/2/2019 19:24,10/2/2019 5:09,10/2/2019 19:57
10/3/2019 6:16,10/3/2019 6:44,10/3/2019 18:22,10/3/2019 18:49,10/3/2019 11:37,10/3/2019 12:33,10/3/2019 5:43,10/3/2019 19:22,10/3/2019 5:10,10/3/2019 19:55
10/4/2019 6:17,10/4/2019 6:45,10/4/2019 18:20,10/4/2019 18:48,10/4/2019 11:35,10/4/2019 12:32,10/4/2019 5:44,10/4/2019 19:20,10/4/2019 5:12,10/4/2019 19:53
10/5/2019 6:18,10/5/2019 6:46,10/5/2019 18:18,10/5/2019 18:46,10/5/2019 11:32,10/5/2019 12:32,10/5/2019 5:45,10/5/2019 19:19,10/5/2019 5:13,10/5/2019 19:51
10/6/2019 6:19,10/6/2019 6:47,10/6/2019 18:16,10/6/2019 18:44,10/6/2019 11:29,10/6/2019 12:32,10/6/2019 5:47,10/6/2019 19:17,10/6/2019 5:14,10/6/2019 19:50
10/7/2019 6:20,10/7/2019 6:48,10/7/2019 18:15,10/7/2019 18:43,10/7/2019 11:26,10/7/2019 12:31,10/7/2019 5:48,10/7/2019 19:15,10/7/2019 5:15,10/7/2019 19:48
10/8/2019 6:21,10/8/2019 6:49,10/8/2019 18:13,10/8/2019 18:41,10/8/2019 11:23,10/8/2019 12:31,10/8/2019 5:49,10/8/2019 19:13,10/8/2019 5:16,10/8/2019 19:46
10/9/2019 6:22,10/9/2019 6:50,10/9/2019 18:11,10/9/2019 18:39,10/9/2019 11:20,10/9/2019 12:31,10/9/2019 5:50,10/9/2019 19:12,10/9/2019 5:17,10/9/2019 19:44
10/10/2019 6:23,10/10/2019 6:52,10/10/2019 18:10,10/10/2019 18:38,10/10/2019 11:18,10/10/2019 12:31,10/10/2019 5:51,10/10/2019 19:10,10/10/2019 5:18,10/10/2019 19:43
10/11/2019 6:25,10/11/2019 6:53,10/11/2019 18:08,10/11/2019 18:36,10/11/2019 11:15,10/11/2019 12:30,10/11/2019 5:52,10/11/2019 19:09,10/11/2019 5:20,10/11/2019 19:41
10/12/2019 6:26,10/12/2019 6:54,10/12/2019 18:06,10/12/2019 18:34,10/12/2019 11:12,10/12/2019 12:30,10/12/2019 5:53,10/12/2019 19:07,10/12/2019 5:21,10/12/2019 19:40
10/13/2019 6:27,10/13/2019 6:55,10/13/2019 18:05,10/13/2019 18:33,10/13/2019 11:09,10/13/2019 12:30,10/13/2019 5:54,10/13/2019 19:05,10/13/2019 5:22,10/13/2019 19:38
10/14/2019 6:28,10/14/2019 6:56,10/14/2019 18:03,10/14/2019 18:31,10/14/2019 11:07,10/14/2019 12:30,10/14/2019 5:55,10/14/2019 19:04,10/14/2019 5:23,10/14/2019 19:36
10/15/2019 6:29,10/15/2019 6:57,10/15/2019 18:02,10/15/2019 18:30,10/15/2019 11:04,10/15/2019 12:29,10/15/2019 5:56,10/15/2019 19:02,10/15/2019 5:24,10/15/2019 19:35
10/16/2019 6:30,10/16/2019 6:58,10/16/2019 18:00,10/16/2019 18:28,10/16/2019 11:01,10/16/2019 12:29,10/16/2019 5:58,10/16/2019 19:01,10/16/2019 5:25,10/16/2019 19:33
10/17/2019 6:31,10/17/2019 7:00,10/17/2019 17:58,10/17/2019 18:27,10/17/2019 10:58,10/17/2019 12:29,10/17/2019 5:59,10/17/2019 18:59,10/17/2019 5:26,10/17/2019 19:32
10/18/2019 6:32,10/18/2019 7:01,10/18/2019 17:57,10/18/2019 18:25,10/18/2019 10:56,10/18/2019 12:29,10/18/2019 6:00,10/18/2019 18:58,10/18/2019 5:27,10/18/2019 19:30
10/19/2019 6:34,10/19/2019 7:02,10/19/2019 17:55,10/19/2019 18:24,10/19/2019 10:53,10/19/2019 12:29,10/19/2019 6:01,10/19/2019 18:56,10/19/2019 5:28,10/19/2019 19:29
10/20/2019 6:35,10/20/2019 7:03,10/20/2019 17:54,10/20/2019 18:22,10/20/2019 10:50,10/20/2019 12:28,10/20/2019 6:02,10/20/2019 18:55,10/20/2019 5:30,10/20/2019 19:27
10/21/2019 6:36,10/21/2019 7:04,10/21/2019 17:52,10/21/2019 18:21,10/21/2019 10:47,10/21/2019 12:28,10/21/2019 6:03,10/21/2019 18:53,10/21/2019 5:31,10/21/2019 19:26
10/22/2019 6:37,10/22/2019 7:06,10/22/2019 17:51,10/22/2019 18:19,10/22/2019 10:45,10/22/2019 12:28,10/22/2019 6:04,10/22/2019 18:52,10/22/2019 5:32,10/22/2019 19:24
10/23/2019 6:38,10/23/2019 7:07,10/23/2019 17:49,10/23/2019 18:18,10/23/2019 10:42,10/23/2019 12:28,10/23/2019 6:05,10/23/2019 18:51,10/23/2019 5:33,10/23/2019 19:23
10/24/2019 6:39,10/24/2019 7:08,10/24/2019 17:48,10/24/2019 18:16,10/24/2019 10:39,10/24/2019 12:28,10/24/2019 6:06,10/24/2019 18:49,10/24/2019 5:34,10/24/2019 19:22
10/25/2019 6:40,10/25/2019 7:09,10/25/2019 17:46,10/25/2019 18:15,10/25/2019 10:37,10/25/2019 12:28,10/25/2019 6:08,10/25/2019 18:48,10/25/2019 5:35,10/25/2019 19:20
10/26/2019 6:42,10/26/2019 7:10,10/26/2019 17:45,10/26/2019 18:14,10/26/2019 10:34,10/26/2019 12:28,10/26/2019 6:09,10/26/2019 18:47,10/26/2019 5:36,10/26/2019 19:19
10/27/2019 6:43,10/27/2019 7:12,10/27/2019 17:44,10/27/2019 18:12,10/27/2019 10:31,10/27/2019 12:28,10/27/2019 6:10,10/27/2019 18:45,10/27/2019 5:37,10/27/2019 19:18
10/28/2019 6:44,10/28/2019 7:13,10/28/2019 17:42,10/28/2019 18:11,10/28/2019 10:29,10/28/2019 12:27,10/28/2019 6:11,10/28/2019 18:44,10/28/2019 5:38,10/28/2019 19:17
10/29/2019 6:45,10/29/2019 7:14,10/29/2019 17:41,10/29/2019 18:10,10/29/2019 10:26,10/29/2019 12:27,10/29/2019 6:12,10/29/2019 18:43,10/29/2019 5:39,10/29/2019 19:15
10/30/2019 6:46,10/30/2019 7:15,10/30/2019 17:39,10/30/2019 18:08,10/30/2019 10:24,10/30/2019 12:27,10/30/2019 6:13,10/30/2019 18:42,10/30/2019 5:41,10/30/2019 19:14
10/31/2019 6:47,10/31/2019 7:17,10/31/2019 17:38,10/31/2019 18:07,10/31/2019 10:21,10/31/2019 12:27,10/31/2019 6:14,10/31/2019 18:40,10/31/2019 5:42,10/31/2019 19:13
11/1/2019 6:49,11/1/2019 7:18,11/1/2019 17:37,11/1/2019 18:06,11/1/2019 10:19,11/1/2019 12:27,11/1/2019 6:15,11/1/2019 18:39,11/1/2019 5:43,11/1/2019 19:12
11/2/2019 6:50,11/2/2019 7:19,11/2/2019 17:36,11/2/2019 18:05,11/2/2019 10:16,11/2/2019 12:27,11/2/2019 6:17,11/2/2019 18:38,11/2/2019 5:44,11/2/2019 19:11
11/3/2019 5:51,11/3/2019 6:20,11/3/2019 16:34,11/3/2019 17:04,11/3/2019 10:14,11/3/2019 11:27,11/3/2019 5:18,11/3/2019 17:37,11/3/2019 4:45,11/3/2019 18:10
11/4/2019 5:52,11/4/2019 6:22,11/4/2019 16:33,11/4/2019 17:02,11/4/2019 10:11,11/4/2019 11:27,11/4/2019 5:19,11/4/2019 17:36,11/4/2019 4:46,11/4/2019 18:09
11/5/2019 5:53,11/5/2019 6:23,11/5/2019 16:32,11/5/2019 17:01,11/5/2019 10:09,11/5/2019 11:27,11/5/2019 5:20,11/5/2019 17:35,11/5/2019 4:47,11/5/2019 18:08
11/6/2019 5:55,11/6/2019 6:24,11/6/2019 16:31,11/6/2019 17:00,11/6/2019 10:06,11/6/2019 11:27,11/6/2019 5:21,11/6/2019 17:34,11/6/2019 4:48,11/6/2019 18:07
11/7/2019 5:56,11/7/2019 6:25,11/7/2019 16:30,11/7/2019 16:59,11/7/2019 10:04,11/7/2019 11:27,11/7/2019 5:22,11/7/2019 17:33,11/7/2019 4:49,11/7/2019 18:06
11/8/2019 5:57,11/8/2019 6:27,11/8/2019 16:29,11/8/2019 16:58,11/8/2019 10:01,11/8/2019 11:28,11/8/2019 5:23,11/8/2019 17:32,11/8/2019 4:50,11/8/2019 18:05
11/9/2019 5:58,11/9/2019 6:28,11/9/2019 16:27,11/9/2019 16:57,11/9/2019 9:59,11/9/2019 11:28,11/9/2019 5:24,11/9/2019 17:31,11/9/2019 4:52,11/9/2019 18:04
11/10/2019 5:59,11/10/2019 6:29,11/10/2019 16:26,11/10/2019 16:56,11/10/2019 9:57,11/10/2019 11:28,11/10/2019 5:26,11/10/2019 17:30,11/10/2019 4:53,11/10/2019 18:03
11/11/2019 6:00,11/11/2019 6:30,11/11/2019 16:25,11/11/2019 16:55,11/11/2019 9:55,11/11/2019 11:28,11/11/2019 5:27,11/11/2019 17:29,11/11/2019 4:54,11/11/2019 18:02
11/12/2019 6:02,11/12/2019 6:32,11/12/2019 16:24,11/12/2019 16:54,11/12/2019 9:52,11/12/2019 11:28,11/12/2019 5:28,11/12/2019 17:28,11/12/2019 4:55,11/12/2019 18:01
11/13/2019 6:03,11/13/2019 6:33,11/13/2019 16:23,11/13/2019 16:53,11/13/2019 9:50,11/13/2019 11:28,11/13/2019 5:29,11/13/2019 17:27,11/13/2019 4:56,11/13/2019 18:00
11/14/2019 6:04,11/14/2019 6:34,11/14/2019 16:23,11/14/2019 16:53,11/14/2019 9:48,11/14/2019 11:28,11/14/2019 5:30,11/14/2019 17:27,11/14/2019 4:57,11/14/2019 18:00
11/15/2019 6:05,11/15/2019 6:35,11/15/2019 16:22,11/15/2019 16:52,11/15/2019 9:46,11/15/2019 11:28,11/15/2019 5:31,11/15/2019 17:26,11/15/2019 4:58,11/15/2019 17:59
11/16/2019 6:06,11/16/2019 6:36,11/16/2019 16:21,11/16/2019 16:51,11/16/2019 9:44,11/16/2019 11:29,11/16/2019 5:32,11/16/2019 17:25,11/16/2019 4:59,11/16/2019 17:58
11/17/2019 6:07,11/17/2019 6:38,11/17/2019 16:20,11/17/2019 16:50,11/17/2019 9:42,11/17/2019 11:29,11/17/2019 5:33,11/17/2019 17:24,11/17/2019 5:00,11/17/2019 17:58
11/18/2019 6:09,11/18/2019 6:39,11/18/2019 16:19,11/18/2019 16:50,11/18/2019 9:40,11/18/2019 11:29,11/18/2019 5:34,11/18/2019 17:24,11/18/2019 5:01,11/18/2019 17:57
11/19/2019 6:10,11/19/2019 6:40,11/19/2019 16:18,11/19/2019 16:49,11/19/2019 9:38,11/19/2019 11:29,11/19/2019 5:35,11/19/2019 17:23,11/19/2019 5:02,11/19/2019 17:56
11/20/2019 6:11,11/20/2019 6:41,11/20/2019 16:18,11/20/2019 16:48,11/20/2019 9:36,11/20/2019 11:30,11/20/2019 5:37,11/20/2019 17:22,11/20/2019 5:03,11/20/2019 17:56
11/21/2019 6:12,11/21/2019 6:43,11/21/2019 16:17,11/21/2019 16:48,11/21/2019 9:34,11/21/2019 11:30,11/21/2019 5:38,11/21/2019 17:22,11/21/2019 5:04,11/21/2019 17:55
11/22/2019 6:13,11/22/2019 6:44,11/22/2019 16:16,11/22/2019 16:47,11/22/2019 9:32,11/22/2019 11:30,11/22/2019 5:39,11/22/2019 17:21,11/22/2019 5:05,11/22/2019 17:55
11/23/2019 6:14,11/23/2019 6:45,11/23/2019 16:16,11/23/2019 16:46,11/23/2019 9:30,11/23/2019 11:30,11/23/2019 5:40,11/23/2019 17:21,11/23/2019 5:06,11/23/2019 17:54
11/24/2019 6:15,11/24/2019 6:46,11/24/2019 16:15,11/24/2019 16:46,11/24/2019 9:29,11/24/2019 11:31,11/24/2019 5:41,11/24/2019 17:20,11/24/2019 5:07,11/24/2019 17:54
11/25/2019 6:16,11/25/2019 6:47,11/25/2019 16:15,11/25/2019 16:45,11/25/2019 9:27,11/25/2019 11:31,11/25/2019 5:42,11/25/2019 17:20,11/25/2019 5:08,11/25/2019 17:54
11/26/2019 6:17,11/26/2019 6:48,11/26/2019 16:14,11/26/2019 16:45,11/26/2019 9:25,11/26/2019 11:31,11/26/2019 5:43,11/26/2019 17:20,11/26/2019 5:09,11/26/2019 17:53
11/27/2019 6:18,11/27/2019 6:49,11/27/2019 16:14,11/27/2019 16:45,11/27/2019 9:24,11/27/2019 11:32,11/27/2019 5:44,11/27/2019 17:19,11/27/2019 5:10,11/27/2019 17:53
11/28/2019 6:20,11/28/2019 6:51,11/28/2019 16:13,11/28/2019 16:44,11/28/2019 9:22,11/28/2019 11:32,11/28/2019 5:45,11/28/2019 17:19,11/28/2019 5:11,11/28/2019 17:53
11/29/2019 6:21,11/29/2019 6:52,11/29/2019 16:13,11/29/2019 16:44,11/29/2019 9:21,11/29/2019 11:32,11/29/2019 5:46,11/29/2019 17:19,11/29/2019 5:12,11/29/2019 17:53
11/30/2019 6:22,11/30/2019 6:53,11/30/2019 16:12,11/30/2019 16:44,11/30/2019 9:19,11/30/2019 11:33,11/30/2019 5:47,11/30/2019 17:19,11/30/2019 5:13,11/30/2019 17:52
12/1/2019 6:23,12/1/2019 6:54,12/1/2019 16:12,12/1/2019 16:43,12/1/2019 9:18,12/1/2019 11:33,12/1/2019 5:48,12/1/2019 17:18,12/1/2019 5:14,12/1/2019 17:52
12/2/2019 6:24,12/2/2019 6:55,12/2/2019 16:12,12/2/2019 16:43,12/2/2019 9:17,12/2/2019 11:33,12/2/2019 5:49,12/2/2019 17:18,12/2/2019 5:15,12/2/2019 17:52
12/3/2019 6:25,12/3/2019 6:56,12/3/2019 16:12,12/3/2019 16:43,12/3/2019 9:15,12/3/2019 11:34,12/3/2019 5:49,12/3/2019 17:18,12/3/2019 5:16,12/3/2019 17:52
12/4/2019 6:25,12/4/2019 6:57,12/4/2019 16:11,12/4/2019 16:43,12/4/2019 9:14,12/4/2019 11:34,12/4/2019 5:50,12/4/2019 17:18,12/4/2019 5:16,12/4/2019 17:52
12/5/2019 6:26,12/5/2019 6:58,12/5/2019 16:11,12/5/2019 16:43,12/5/2019 9:13,12/5/2019 11:35,12/5/2019 5:51,12/5/2019 17:18,12/5/2019 5:17,12/5/2019 17:52
12/6/2019 6:27,12/6/2019 6:59,12/6/2019 16:11,12/6/2019 16:43,12/6/2019 9:12,12/6/2019 11:35,12/6/2019 5:52,12/6/2019 17:18,12/6/2019 5:18,12/6/2019 17:52
12/7/2019 6:28,12/7/2019 7:00,12/7/2019 16:11,12/7/2019 16:43,12/7/2019 9:11,12/7/2019 11:35,12/7/2019 5:53,12/7/2019 17:18,12/7/2019 5:19,12/7/2019 17:52
12/8/2019 6:29,12/8/2019 7:01,12/8/2019 16:11,12/8/2019 16:43,12/8/2019 9:10,12/8/2019 11:36,12/8/2019 5:54,12/8/2019 17:18,12/8/2019 5:20,12/8/2019 17:52
12/9/2019 6:30,12/9/2019 7:02,12/9/2019 16:11,12/9/2019 16:43,12/9/2019 9:09,12/9/2019 11:36,12/9/2019 5:55,12/9/2019 17:18,12/9/2019 5:21,12/9/2019 17:52
12/10/2019 6:31,12/10/2019 7:02,12/10/2019 16:11,12/10/2019 16:43,12/10/2019 9:08,12/10/2019 11:37,12/10/2019 5:55,12/10/2019 17:18,12/10/2019 5:21,12/10/2019 17:52
12/11/2019 6:32,12/11/2019 7:03,12/11/2019 16:11,12/11/2019 16:43,12/11/2019 9:08,12/11/2019 11:37,12/11/2019 5:56,12/11/2019 17:18,12/11/2019 5:22,12/11/2019 17:52
12/12/2019 6:32,12/12/2019 7:04,12/12/2019 16:11,12/12/2019 16:43,12/12/2019 9:07,12/12/2019 11:38,12/12/2019 5:57,12/12/2019 17:19,12/12/2019 5:23,12/12/2019 17:53
12/13/2019 6:33,12/13/2019 7:05,12/13/2019 16:12,12/13/2019 16:43,12/13/2019 9:06,12/13/2019 11:38,12/13/2019 5:58,12/13/2019 17:19,12/13/2019 5:23,12/13/2019 17:53
12/14/2019 6:34,12/14/2019 7:06,12/14/2019 16:12,12/14/2019 16:44,12/14/2019 9:06,12/14/2019 11:39,12/14/2019 5:58,12/14/2019 17:19,12/14/2019 5:24,12/14/2019 17:53
12/15/2019 6:34,12/15/2019 7:06,12/15/2019 16:12,12/15/2019 16:44,12/15/2019 9:05,12/15/2019 11:39,12/15/2019 5:59,12/15/2019 17:19,12/15/2019 5:25,12/15/2019 17:54
12/16/2019 6:35,12/16/2019 7:07,12/16/2019 16:12,12/16/2019 16:44,12/16/2019 9:05,12/16/2019 11:40,12/16/2019 6:00,12/16/2019 17:20,12/16/2019 5:25,12/16/2019 17:54
12/17/2019 6:36,12/17/2019 7:08,12/17/2019 16:13,12/17/2019 16:45,12/17/2019 9:05,12/17/2019 11:40,12/17/2019 6:00,12/17/2019 17:20,12/17/2019 5:26,12/17/2019 17:54
12/18/2019 6:36,12/18/2019 7:08,12/18/2019 16:13,12/18/2019 16:45,12/18/2019 9:04,12/18/2019 11:41,12/18/2019 6:01,12/18/2019 17:20,12/18/2019 5:27,12/18/2019 17:55
12/19/2019 6:37,12/19/2019 7:09,12/19/2019 16:14,12/19/2019 16:45,12/19/2019 9:04,12/19/2019 11:41,12/19/2019 6:01,12/19/2019 17:21,12/19/2019 5:27,12/19/2019 17:55
12/20/2019 6:37,12/20/2019 7:09,12/20/2019 16:14,12/20/2019 16:46,12/20/2019 9:04,12/20/2019 11:42,12/20/2019 6:02,12/20/2019 17:21,12/20/2019 5:28,12/20/2019 17:56
12/21/2019 6:38,12/21/2019 7:10,12/21/2019 16:14,12/21/2019 16:46,12/21/2019 9:04,12/21/2019 11:42,12/21/2019 6:02,12/21/2019 17:22,12/21/2019 5:28,12/21/2019 17:56
12/22/2019 6:38,12/22/2019 7:10,12/22/2019 16:15,12/22/2019 16:47,12/22/2019 9:04,12/22/2019 11:43,12/22/2019 6:03,12/22/2019 17:22,12/22/2019 5:29,12/22/2019 17:57
12/23/2019 6:39,12/23/2019 7:11,12/23/2019 16:16,12/23/2019 16:47,12/23/2019 9:04,12/23/2019 11:43,12/23/2019 6:03,12/23/2019 17:23,12/23/2019 5:29,12/23/2019 17:57
12/24/2019 6:39,12/24/2019 7:11,12/24/2019 16:16,12/24/2019 16:48,12/24/2019 9:05,12/24/2019 11:44,12/24/2019 6:04,12/24/2019 17:23,12/24/2019 5:30,12/24/2019 17:58
12/25/2019 6:40,12/25/2019 7:11,12/25/2019 16:17,12/25/2019 16:49,12/25/2019 9:05,12/25/2019 11:44,12/25/2019 6:04,12/25/2019 17:24,12/25/2019 5:30,12/25/2019 17:58
12/26/2019 6:40,12/26/2019 7:12,12/26/2019 16:17,12/26/2019 16:49,12/26/2019 9:05,12/26/2019 11:45,12/26/2019 6:05,12/26/2019 17:25,12/26/2019 5:30,12/26/2019 17:59
12/27/2019 6:40,12/27/2019 7:12,12/27/2019 16:18,12/27/2019 16:50,12/27/2019 9:06,12/27/2019 11:45,12/27/2019 6:05,12/27/2019 17:25,12/27/2019 5:31,12/27/2019 18:00
12/28/2019 6:41,12/28/2019 7:12,12/28/2019 16:19,12/28/2019 16:51,12/28/2019 9:06,12/28/2019 11:46,12/28/2019 6:05,12/28/2019 17:26,12/28/2019 5:31,12/28/2019 18:00
12/29/2019 6:41,12/29/2019 7:13,12/29/2019 16:20,12/29/2019 16:51,12/29/2019 9:07,12/29/2019 11:46,12/29/2019 6:05,12/29/2019 17:27,12/29/2019 5:31,12/29/2019 18:01
12/30/2019 6:41,12/30/2019 7:13,12/30/2019 16:20,12/30/2019 16:52,12/30/2019 9:07,12/30/2019 11:47,12/30/2019 6:06,12/30/2019 17:27,12/30/2019 5:31,12/30/2019 18:02
12/31/2019 6:41,12/31/2019 7:13,12/31/2019 16:21,12/31/2019 16:53,12/31/2019 9:08,12/31/2019 11:47,12/31/2019 6:06,12/31/2019 17:28,12/31/2019 5:32,12/31/2019 18:02
